N,종목명,현재가,전일비,등락률,액면가,거래량,시가,고가,저가,매수호가,매도호가,거래대금,전일거래량,매수총잔량,매도총잔량,상장주식수,외국인비율,시가총액,매출액,자산총계,부채총계,영업이익,매출액증가율,당기순이익,주당순이익,보통주배당금,영업이익증가율,PER,ROE,ROA,PBR,유보율
1,삼성전자,"71,200","1,700",+2.45%,100,"20,874,507","70,800","71,200","70,500","71,100","71,200","1,480,679","15,828,269","484,439","1,477,340","5,969,783",51.92,"4,250,485","2,796,048","4,266,212","1,217,212","516,339",18.07,"399,075","5,777","1,444",43.45,12.32,13.92,9.92,1.63,"33,143.6"
2,LG에너지솔루션,"417,500","7,000",+1.71%,500,"1,071,195","421,000","430,500","417,500","417,000","417,500","452,613","393,413","10,014","261,405","234,000",3.57,"976,950","14,611","199,418","123,764","-4,752",N/A,"-4,518","1,475",0,N/A,283.05,N/A,N/A,10.47,"6,778.4"
3,SK하이닉스,"120,000","2,000",+1.69%,"5,000","3,900,742","121,000","121,500","118,500","120,000","120,500","468,955","3,619,045","604,272","624,493","728,002",50.59,"873,603","319,004","711,739","192,648","50,126",18.19,"47,589","11,061","1,170",84.34,10.85,9.53,6.98,1.41,"1,398.2"
4,NAVER,"330,500","26,000",+8.54%,100,"1,492,832","319,000","337,000","316,000","330,500","331,000","492,870","559,921","58,246","54,934","164,049",54.74,"542,182","68,176","336,910","96,636","13,255",28.53,"164,776","100,400",501,9.06,3.29,106.72,64.99,2.10,"149,081.5"
5,삼성바이오로직스,"793,000","24,000",+3.12%,"2,500","84,118","784,000","795,000","775,000","790,000","793,000","66,125","38,676","9,604","6,743","66,165",10.49,"524,688","15,680","79,700","29,789","5,373",34.62,"3,936","5,878",N/A,83.52,134.91,8.21,5.47,10.64,"2,922.7"
6,삼성전자우,"63,500",300,+0.47%,100,"1,662,003","63,900","64,300","63,500","63,500","63,600","106,149","1,318,909","231,821","100,233","822,887",74.32,"522,533",N/A,N/A,N/A,N/A,N/A,N/A,"5,777",N/A,N/A,10.99,N/A,N/A,1.46,N/A
7,카카오,"100,000","7,900",+8.58%,100,"5,658,882","94,400","100,000","94,300","99,900","100,000","555,987","1,774,311","57,169","208,203","445,962",28.11,"445,962","41,568","119,540","45,262","4,559",35.40,"1,734","2,540",30,120.45,39.37,2.70,1.68,4.93,"13,881.0"
8,현대차,"169,000","1,000",+0.60%,"5,000","1,075,032","171,500","172,000","167,500","168,500","169,000","181,610","728,464","180,708","149,179","213,668",26.61,"361,099","1,039,976","2,093,442","1,330,032","23,947",-1.65,"19,246","19,734","3,000",-33.58,8.56,2.04,0.95,0.59,"4,909.5"
9,LG화학,"496,500","6,500",-1.29%,"5,000","728,742","498,000","521,000","493,500","496,500","497,000","365,305","289,591","89,346","11,174","70,592",48.79,"350,491","300,765","413,889","225,985","17,982",9.96,"6,824","38,376","10,000",117.85,12.94,2.93,1.81,1.81,"4,565.0"
10,삼성SDI,"503,000","6,000",+1.21%,"5,000","410,557","512,000","512,000","498,500","502,000","503,000","206,317","403,055","49,291","24,407","68,765",43.93,"345,886","135,532","258,332","106,365","10,676",20.00,"12,504","16,621","1,000",59.02,30.26,8.45,5.28,2.29,"3,789.7"
11,기아,"70,700","1,100",+1.58%,"5,000","1,579,333","70,700","71,100","70,200","70,600","70,700","111,536","2,039,889","148,729","178,674","405,363",34.68,"286,592","591,681","604,904","305,988","20,665",1.76,"14,876","11,038","1,000",2.83,6.41,5.05,2.57,0.84,"1,350.4"
12,POSCO,"283,500","7,000",+2.53%,"5,000","390,025","287,000","287,000","279,500","282,500","283,500","110,242","360,988","50,511","37,712","87,187",53.03,"247,175","577,928","790,870","314,124","24,030",-10.21,"17,882","66,751","8,000",-37.89,4.25,3.61,2.26,0.44,"9,830.4"
13,셀트리온,"173,000","3,000",+1.76%,"1,000","611,030","173,000","173,500","168,500","172,500","173,000","104,733","686,569","97,754","70,048","137,956",20.51,"238,663","18,491","50,477","15,925","7,121",63.86,"5,192","3,930",19,88.36,44.02,16.68,11.61,6.32,"2,467.2"
14,카카오뱅크,"48,150",150,+0.31%,"5,000","1,372,144","48,500","49,950","48,100","48,100","48,150","66,592","1,817,425","88,538","52,139","475,159",16.19,"228,789","8,042","266,500","238,530","1,226",20.94,"1,136",309,0,824.60,155.83,5.08,0.46,4.18,37.2
15,KB금융,"54,600","1,400",+2.63%,"5,000","2,557,620","54,900","55,100","54,000","54,500","54,600","139,670","2,705,110","190,964","494,420","412,352",72.42,"225,144","556,802","6,106,722","5,673,107","46,160",18.04,"35,023","10,461","1,770",2.79,5.22,8.53,0.62,0.45,"2,028.5"
16,삼성물산,"115,000","7,000",+6.48%,100,"703,488","111,500","116,000","111,000","115,000","115,500","80,546","224,812","112,219","99,145","186,887",15.91,"214,920","344,552","552,454","218,930","11,960",14.03,"18,291","8,673","4,200",39.54,13.26,5.40,3.34,0.62,"106,252.7"
17,현대모비스,"219,500",500,+0.23%,"5,000","312,036","222,000","224,000","218,500","219,000","219,500","68,559","177,857","65,937","36,957","94,573",34.43,"207,588","366,265","484,977","151,696","18,303",-3.74,"15,269","24,841","4,000",-22.42,8.84,4.66,3.21,0.58,"6,974.1"
18,LG전자,"120,500","2,500",+2.12%,"5,000","869,161","121,000","121,500","119,000","120,000","120,500","104,484","866,699","156,257","174,938","163,648",28.28,"197,196","632,620","482,042","306,621","31,950",1.53,"20,638","6,931","1,200",31.15,17.39,13.23,4.44,1.25,"1,833.3"
19,신한지주,"37,100",700,+1.92%,"5,000","1,960,892","37,200","37,250","36,700","37,050","37,100","72,559","1,303,236","168,186","224,605","516,600",62.20,"191,658","290,007","6,052,341","5,588,772","49,297",-3.35,"34,981","7,534","1,500",-2.31,4.92,8.20,0.60,0.42,"1,483.4"
20,SK이노베이션,"203,000",500,+0.25%,"5,000","411,613","208,500","208,500","201,500","203,000","203,500","83,939","389,824","83,531","38,474","92,466",23.24,"187,705","468,429","495,574","299,242","17,542",35.58,"5,010","3,250",0,172.48,62.46,1.91,1.14,0.98,"3,822.0"
21,카카오페이,"135,000","6,500",+5.06%,500,"308,465","133,000","135,000","130,500","134,500","135,000","41,204","360,099","32,311","41,758","131,949",42.59,"178,131","2,844","12,080","10,038",-179,101.53,-251,-201,0,72.58,-671.64,-17.97,-2.89,68.58,"1,534.5"
22,SK,"236,500","5,500",+2.38%,200,"197,032","235,500","239,000","232,500","236,000","236,500","46,668","202,304","10,561","21,070","74,149",21.68,"175,363","818,201","1,376,384","857,785","-1,645",-16.35,"-1,084","8,557","7,000",-104.40,27.64,1.11,-0.08,0.61,"127,125.6"
23,HMM,"32,900","1,050",-3.09%,"5,000","7,546,099","34,650","34,700","32,700","32,850","32,900","250,756","16,646,077","452,296","322,671","489,039",12.48,"160,894","64,133","93,734","76,848","9,808",16.33,"1,240","7,939",0,427.26,4.14,8.93,1.50,1.73,-176.1
24,한국전력,"24,400",900,+3.83%,"5,000","6,414,037","24,700","24,800","24,000","24,350","24,400","156,582","2,536,642","463,506","830,940","641,964",14.59,"156,639","585,693","2,031,421","1,324,753","40,863",-1.02,"20,925","-1,697","1,216",420.11,-14.38,2.91,1.04,0.23,"1,657.5"
25,LG생활건강,"936,000","3,000",+0.32%,"5,000","69,577","945,000","950,000","923,000","934,000","936,000","65,284","39,323","5,839","11,039","15,618",41.72,"146,186","80,915","75,552","20,574","12,896",3.15,"8,611","47,665","12,000",5.63,19.64,16.65,12.00,2.91,"6,300.2"
26,크래프톤,"295,000","21,500",+7.86%,100,"287,235","281,500","295,000","280,000","294,000","295,000","83,155","159,115","3,758","17,984","49,072",29.66,"144,763","16,704","17,191","5,050","7,739",53.61,"5,563","12,758",0,115.39,23.12,61.86,41.07,3.05,"24,347.3"
27,하나금융지주,"45,650","1,350",+3.05%,"5,000","1,853,484","45,600","46,100","45,000","45,650","45,700","84,538","1,225,809","145,833","46,024","300,242",71.20,"137,060","482,159","4,603,133","4,287,130","38,364",25.62,"26,849","10,706","1,850",17.73,4.26,8.96,0.61,0.40,"2,025.0"
28,두산중공업,"21,100",300,+1.44%,"5,000","24,470,090","22,450","22,500","20,650","21,050","21,100","528,439","12,991,783","626,412","469,438","605,128",8.59,"127,682","151,324","255,672","184,607","1,541",-3.37,"-8,384",332,0,-85.69,63.55,-37.20,-3.33,2.06,31.8
29,SK텔레콤,"57,000",800,+1.42%,100,"675,696","56,700","57,000","56,300","56,900","57,000","38,305","688,113","51,789","53,777","218,833",45.33,"124,735","186,247","479,070","235,107","13,493",4.98,"15,005","6,446","2,000",21.76,8.84,6.44,3.22,0.77,"58,016.1"
30,삼성생명,"59,400",900,+1.54%,500,"386,076","59,900","60,000","59,000","59,400","59,500","22,947","266,560","75,816","54,066","200,000",12.62,"118,800","345,343","3,365,693","2,929,587","17,900",8.59,"13,705","7,822","2,500",42.91,7.59,3.53,0.42,0.29,"45,621.0"
31,하이브,"285,000","11,000",+4.01%,500,"240,764","280,500","287,000","279,000","285,000","285,500","68,324","178,639","9,348","41,883","41,353",15.02,"117,857","7,963","19,244","7,255","1,455",35.60,871,"2,811",0,47.37,101.39,12.52,7.61,5.56,"6,604.1"
32,삼성전기,"157,000",500,+0.32%,"5,000","858,229","161,000","162,500","156,000","156,500","157,000","135,724","543,574","109,239","90,145","74,694",29.42,"117,269","96,750","99,414","30,702","14,869",24.79,"9,154","11,500","2,100",62.90,13.65,14.29,9.55,1.77,"1,510.5"
33,LG,"73,600",600,+0.82%,"5,000","273,444","74,000","74,400","73,200","73,500","73,600","20,143","242,903","76,572","32,635","157,301",36.42,"115,774","66,321","242,823","34,210","17,022",1.50,"15,407","15,161","2,500",71.20,4.85,7.50,6.60,0.55,"2,245.6"
34,SK바이오사이언스,"150,000","4,500",+3.09%,500,"288,006","148,500","150,000","147,500","149,500","150,000","42,873","210,525","44,020","61,129","76,500",5.41,"114,750","2,256","5,622","2,984",377,22.66,329,"2,597",N/A,65.42,57.76,13.25,6.81,8.08,763.9
35,삼성에스디에스,"145,000","8,000",+5.84%,500,"190,006","140,000","145,000","137,000","144,500","145,000","26,982","63,048","8,203","23,588","77,378",11.44,"112,198","136,300","105,174","30,737","8,081",23.71,"6,334","7,899","2,400",-7.29,18.36,8.80,6.44,1.55,"19,086.4"
36,KT&G,"80,600",0,0.00%,"5,000","326,202","80,800","80,900","80,300","80,500","80,600","26,284","294,771","27,076","90,504","137,292",36.72,"110,658","53,016","114,684","23,768","14,811",6.82,"11,716","8,673","4,800",7.35,9.29,13.22,10.55,1.07,902.0
37,고려아연,"573,000","21,000",+3.80%,"5,000","76,267","553,000","573,000","548,000","570,000","573,000","42,915","74,908","4,144","8,478","18,870",18.64,"108,125","75,819","84,996","14,126","8,974",13.25,"5,748","39,987","15,000",11.43,14.33,8.37,7.04,1.37,"7,415.2"
38,우리금융지주,"14,050",550,+4.07%,"5,000","4,082,638","14,000","14,200","13,850","14,000","14,050","57,185","3,620,282","478,245","980,780","728,061",34.30,"102,292","286,376","3,990,810","3,723,552","20,804",26.11,"15,152","3,270",360,-25.70,4.30,5.87,0.40,0.40,640.0
39,아모레퍼시픽,"170,000","4,000",-2.30%,500,"464,871","175,000","180,000","167,000","169,500","170,000","79,994","180,490","35,677","20,979","58,493",30.17,"99,438","44,322","57,019","12,375","1,430",-20.57,219,"2,593",800,-66.57,65.56,0.78,0.37,2.42,"13,246.9"
40,현대중공업,"112,000","1,500",-1.32%,"5,000","305,700","115,000","116,000","110,000","111,500","112,000","34,184","196,809","33,607","46,865","88,773",2.47,"99,426","83,120","137,997","84,389",325,52.33,"-4,314","-9,163",0,-74.89,-12.22,-7.86,-3.12,1.61,"1,168.5"
41,S-Oil,"88,200","3,700",-4.03%,"2,500","1,052,621","87,300","89,400","86,500","88,100","88,200","92,016","1,054,264","17,031","63,277","112,583",78.08,"99,298","168,297","156,905","100,080","-10,991",-31.01,"-7,961","10,387",0,-361.65,8.49,-13.07,-4.97,1.54,"1,841.2"
42,엔씨소프트,"443,500","13,000",+3.02%,500,"235,696","439,500","452,000","439,500","443,500","446,000","105,265","186,265","16,304","10,318","21,954",43.01,"97,366","24,162","40,812","9,365","8,248",42.03,"5,866","16,197","8,550",72.19,27.38,20.83,15.80,2.91,"29,973.4"
43,대한항공,"27,900",800,+2.95%,"5,000","1,950,861","28,000","28,400","27,850","27,850","27,900","54,746","1,893,504","190,397","110,486","347,821",12.14,"97,042","76,062","251,901","218,783","1,089",-38.58,"-2,300","2,129",0,-38.15,13.10,-7.22,-0.88,1.55,113.6
44,넷마블,"105,000","3,500",+3.45%,100,"328,616","104,500","107,000","103,000","104,500","105,000","34,479","167,785","57,146","45,800","85,954",22.82,"90,251","24,848","82,234","25,728","2,720",14.05,"3,380","2,704",767,34.24,38.83,6.35,4.82,1.50,"59,559.9"
45,삼성화재,"185,500","4,500",+2.49%,500,"141,476","186,000","186,500","181,500","185,000","185,500","26,216","140,918","11,054","24,251","47,375",48.57,"87,880","240,449","925,964","763,138","10,444",4.97,"7,573","23,131","8,800",20.61,8.02,4.96,0.85,0.52,"67,009.0"
46,LG이노텍,"353,000","7,000",+2.02%,"5,000","381,426","356,000","359,500","350,000","352,500","353,000","135,118","566,024","12,410","18,839","23,667",22.85,"83,545","149,456","77,414","44,271","12,642",56.63,"8,883","37,532","3,000",85.64,9.41,30.94,12.89,2.52,"2,688.8"
47,KT,"31,850",100,-0.31%,"5,000","946,512","32,400","32,450","31,850","31,850","31,900","30,314","1,039,974","169,873","44,520","261,112",39.72,"83,164","239,167","336,625","181,111","11,841",-1.75,"7,034","3,914","1,350",2.12,8.14,4.76,2.06,0.51,869.0
48,SK아이이테크놀로지,"114,000","1,500",-1.30%,"1,000","427,990","119,000","119,500","113,500","114,000","114,500","49,153","571,961","90,680","41,726","71,298",10.53,"81,279","6,038","31,845","9,683",892,28.65,954,"1,393",N/A,-28.78,81.84,5.57,3.68,3.67,"3,006.9"
49,포스코케미칼,"104,000","1,000",+0.97%,500,"643,141","105,500","106,000","101,500","103,500","104,000","66,492","986,148","105,635","60,798","77,463",6.31,"80,562","15,662","20,881","10,644",603,5.56,297,"1,791",285,-32.93,58.07,2.96,1.56,3.40,"3,192.2"
50,기업은행,"10,500",200,+1.94%,"5,000","1,648,061","10,450","10,550","10,400","10,450","10,500","17,241","1,092,582","469,118","612,383","744,301",14.07,"78,152","185,746","3,616,162","3,364,738","21,255",9.66,"15,479","2,702",471,-4.60,3.89,6.44,0.46,0.29,501.0
51,SK스퀘어,"51,900","2,650",+5.38%,100,"1,296,360","51,200","52,200","50,800","51,800","51,900","66,954","1,394,411","62,148","93,937","141,468",38.36,"73,422",N/A,N/A,N/A,N/A,N/A,N/A,N/A,N/A,N/A,N/A,N/A,N/A,N/A,N/A
52,한화솔루션,"36,200",800,+2.26%,"5,000","1,096,525","35,900","36,350","35,000","36,100","36,200","39,246","1,062,162","14,616","85,899","191,278",18.40,"69,243","91,950","151,373","91,696","5,942",-2.77,"3,017","3,913",0,29.41,9.25,5.30,1.96,0.84,636.7
53,SK바이오팜,"87,000",400,+0.46%,500,"122,202","87,500","87,900","85,700","86,900","87,000","10,586","220,689","9,542","15,556","78,313",5.88,"68,133",260,"5,002","1,212","-2,395",-79.01,"-2,474",-516,N/A,-202.17,-168.60,-135.18,-77.40,17.20,862.9
54,롯데케미칼,"196,500","4,500",+2.34%,"5,000","188,200","198,500","201,000","194,500","196,500","197,000","37,182","138,963","14,356","19,784","34,275",24.48,"67,351","122,230","193,865","56,742","3,569",-19.18,"1,753","39,751","3,600",-67.77,4.94,1.22,0.89,0.47,"7,560.8"
55,LG디스플레이,"18,800",600,+3.30%,"5,000","2,472,663","18,600","18,800","18,400","18,750","18,800","46,138","1,447,131","190,405","403,604","357,816",17.19,"67,269","242,301","350,715","223,346",-291,3.21,-706,"4,413",0,97.86,4.26,-0.79,-0.20,0.52,546.4
56,한국조선해양,"91,600",500,+0.55%,"5,000","196,808","92,100","92,900","89,700","91,500","91,600","18,014","213,911","21,859","26,046","70,773",19.81,"64,828","149,037","252,442","128,230",744,-1.84,"-8,352","-18,227",0,-74.37,-5.03,-7.42,-3.32,0.62,"5,035.7"
57,현대글로비스,"171,000","1,000",-0.58%,500,"144,348","175,500","175,500","169,000","171,000","171,500","24,722","114,158","34,831","13,990","37,500",43.13,"64,125","165,199","108,987","58,323","6,622",-9.58,"6,061","18,548","3,500",-24.46,9.22,12.45,5.77,1.15,"27,309.0"
58,F&F,"815,000","7,000",-0.85%,500,"19,952","828,000","837,000","808,000","815,000","816,000","16,261","16,435","2,183","1,033","7,661",14.54,"62,441",N/A,N/A,N/A,N/A,N/A,N/A,N/A,N/A,N/A,N/A,N/A,N/A,14.74,N/A
59,한온시스템,"11,550",750,+6.94%,100,"1,062,078","11,050","11,550","11,000","11,500","11,550","12,061","545,084","89,231","94,464","533,800",17.51,"61,654","68,728","78,074","55,680","3,158",-3.93,"1,135",548,320,-34.73,21.08,5.09,1.52,2.68,"4,208.4"
60,LG유플러스,"13,550",250,+1.88%,"5,000","1,119,383","13,400","13,550","13,300","13,500","13,550","15,078","713,935","183,606","271,287","436,611",36.10,"59,161","138,511","193,705","114,120","9,790",3.23,"7,242","1,632",550,10.48,8.30,9.47,3.84,0.76,202.1
61,에스디바이오센서,"55,900","1,700",+3.14%,500,"614,337","54,900","56,400","54,400","55,800","55,900","34,092","605,355","21,477","64,068","103,271",11.22,"57,729","16,862","14,617","7,041","7,383","2,187.00","6,216","6,597",535,"82,345.59",8.47,139.97,76.50,2.69,"1,504.8"
62,강원랜드,"26,750","1,350",+5.31%,500,"1,386,211","25,950","26,750","25,900","26,700","26,750","36,652","1,082,862","27,799","184,434","213,940",18.03,"57,229","4,786","36,416","3,946","-4,316",-68.52,"-2,759",-154,0,-186.12,-173.70,-7.92,-6.83,1.67,"3,098.2"
63,맥쿼리인프라,"13,600",0,0.00%,0,"1,068,087","13,600","13,650","13,550","13,550","13,600","14,496","1,285,881","539,420","703,620","404,846",14.05,"55,059",N/A,N/A,N/A,N/A,N/A,N/A,N/A,N/A,N/A,N/A,N/A,N/A,N/A,N/A
64,KODEX 200,"36,020",730,+2.07%,0,"2,368,109","36,000","36,170","35,905","36,020","36,025","85,347","6,369,838","12,020","4,316","149,450",12.10,"53,832",N/A,N/A,N/A,N/A,N/A,N/A,N/A,N/A,N/A,N/A,N/A,N/A,N/A,N/A
65,현대건설,"48,150","3,950",+8.94%,"5,000","2,541,712","45,950","48,150","45,900","48,100","48,150","120,195","760,248","13,284","116,892","111,356",22.91,"53,618","169,709","179,393","91,729","5,490",-1.78,"2,277","1,504",600,-36.14,32.01,1.84,1.26,0.77,"1,134.1"
66,CJ제일제당,"354,500","9,500",+2.75%,"5,000","36,911","352,000","354,500","348,000","354,500","355,000","12,989","43,797","2,399","2,118","15,054",22.39,"53,367","242,457","256,119","154,455","13,596",8.47,"7,864","29,324","4,000",51.59,12.09,13.50,3.03,0.94,"6,940.2"
67,미래에셋증권,"8,410",90,+1.08%,"5,000","2,007,989","8,440","8,520","8,320","8,400","8,410","16,835","1,003,051","61,867","276,116","615,316",13.67,"51,748","168,358","1,309,469","1,216,007","11,171",9.10,"8,343","1,462",200,53.46,5.75,8.94,0.62,0.51,136.8
68,현대제철,"38,650",600,+1.58%,"5,000","683,427","39,150","39,200","38,150","38,650","38,700","26,394","882,769","98,243","34,776","133,446",20.95,"51,577","180,234","348,450","181,520",730,-12.14,"-4,401","6,532",500,-77.96,5.92,-2.59,-1.27,0.29,"2,224.0"
69,삼성중공업,"5,810",40,+0.69%,"1,000","3,597,296","5,820","5,890","5,720","5,800","5,810","20,855","6,181,155","412,574","326,008","880,000",14.78,"51,128","68,603","129,222","92,039","-10,541",-6.66,"-14,927","-2,454",0,-70.97,-2.37,-33.06,-11.26,1.25,57.7
70,코웨이,"69,200","2,500",+3.75%,500,"255,464","67,800","69,200","67,400","69,200","69,300","17,461","165,578","6,923","18,279","73,800",60.95,"51,069","32,374","30,290","15,390","6,064",7.24,"4,047","6,039","1,200",32.33,11.46,31.51,13.76,2.78,"3,720.8"
71,삼성엔지니어링,"26,000",600,-2.26%,"5,000","4,525,459","26,150","26,250","25,000","25,950","26,000","116,097","3,804,753","72,782","164,937","196,000",38.65,"50,960","67,492","47,556","31,738","3,612",5.59,"2,521","1,807",N/A,-14.56,14.39,17.32,5.41,2.62,68.1
72,SKC,"130,500","1,000",+0.77%,"5,000","226,443","133,000","135,500","129,000","130,500","131,000","29,676","120,698","64,917","19,564","37,868",16.50,"49,418","27,022","54,064","34,913","1,908",14.45,736,"4,909","1,000",36.52,26.58,2.21,1.57,2.29,898.5
73,금호석유,"151,500","4,000",+2.71%,"5,000","121,641","155,000","155,000","149,000","151,000","151,500","18,459","136,685","14,986","25,625","30,296",20.21,"45,898","48,095","50,273","18,780","7,422",-3.06,"5,830","55,913","4,200",103.13,2.71,20.18,12.19,0.88,"1,841.6"
74,메리츠화재,"36,400",350,+0.97%,500,"460,217","36,650","36,800","35,300","36,300","36,400","16,532","484,284","3,514","16,775","120,625",11.98,"43,908","111,326","253,593","226,762","6,080",10.03,"4,318","4,819","1,280",72.36,7.55,16.91,1.78,1.68,"4,429.9"
75,한국금융지주,"78,500","1,100",+1.42%,"5,000","167,509","78,200","79,000","77,500","77,800","78,500","13,122","142,138","10,404","18,174","55,726",34.99,"43,745","165,117","704,377","648,054","8,564",53.29,"8,600","29,221","3,000",-9.07,2.69,16.27,1.31,0.65,"1,745.4"
76,유한양행,"58,700",800,+1.38%,"1,000","164,162","59,000","59,000","58,100","58,400","58,700","9,604","139,098","37,476","36,245","73,231",17.53,"42,987","16,199","23,935","5,470",843,9.42,"1,904","1,319",365,572.12,44.50,11.06,8.44,2.12,"2,653.9"
77,메리츠금융지주,"31,550",150,-0.47%,500,"566,965","32,400","32,450","30,850","31,500","31,550","17,791","524,254","12,088","13,167","134,011",8.52,"42,281","284,706","695,644","626,871","13,721",27.58,"9,253","5,309",900,42.58,5.94,16.06,1.41,1.10,"9,535.1"
78,한국타이어앤테크놀로지,"33,700",550,+1.66%,500,"341,898","33,650","33,800","33,050","33,500","33,700","11,486","213,593","33,028","22,719","123,875",40.96,"41,746","64,531","106,585","32,464","6,283",-6.25,"3,852","5,332",650,15.50,6.32,5.12,3.70,0.51,"12,331.9"
79,DB손해보험,"58,900","2,900",+5.18%,500,"291,439","57,600","59,000","57,000","58,800","58,900","17,036","121,641","9,345","30,049","70,800",42.97,"41,701","201,106","600,513","535,467","7,310",7.68,"5,611","11,259","2,200",43.65,5.23,9.08,0.97,0.54,"18,705.3"
80,현대중공업지주,"52,400",600,+1.16%,"1,000","157,592","52,900","52,900","51,700","52,400","52,500","8,238","181,480","23,918","20,682","78,993",16.48,"41,392","189,110","265,590","154,611","-5,971",-28.99,"-7,897","-4,314","3,700",-189.58,-12.15,-8.12,-3.02,0.57,"9,094.2"
81,쌍용C&E,"8,120",260,+3.31%,100,"1,850,532","7,970","8,150","7,940","8,110","8,120","14,957","960,243","25,099","330,559","503,860",3.21,"40,913","14,708","33,268","16,371","2,502",-4.40,"1,382",409,440,9.14,19.85,7.92,4.13,2.40,"3,389.3"
82,일진머티리얼즈,"86,100","1,100",+1.29%,500,"353,265","87,300","88,200","85,600","86,100","86,200","30,517","252,571","44,706","24,410","46,111",13.05,"39,701","5,369","10,810","2,274",509,-2.42,427,"1,378",200,8.58,62.48,7.23,4.04,5.95,"2,558.6"
83,GS건설,"46,300","3,500",+8.18%,"5,000","2,275,108","45,000","46,450","44,300","46,250","46,300","104,182","871,284","39,415","114,551","85,581",26.23,"39,624","101,229","137,707","94,586","7,504",-2.82,"3,297","4,106","1,200",-2.20,11.28,7.68,2.45,0.86,964.4
84,아모레G,"47,100","1,100",+2.39%,500,"145,078","47,000","47,900","46,200","46,850","47,100","6,844","73,853","4,117","6,927","82,458",15.82,"38,838","49,301","77,887","15,167","1,507",-21.55,220,"1,781",230,-69.76,26.45,0.31,0.27,1.26,"7,107.1"
85,메리츠증권,"5,690",70,+1.25%,"1,000","1,638,530","5,700","5,820","5,580","5,690","5,700","9,289","1,404,684","187,976","199,758","681,731",12.76,"38,790","166,049","438,470","390,582","8,280",39.39,"5,651",985,320,21.78,5.78,13.08,1.36,0.73,518.2
86,한국가스공사,"41,850","1,950",-4.45%,"5,000","1,458,605","41,850","42,850","40,800","41,750","41,850","60,588","1,371,239","25,829","60,780","92,313",10.83,"38,633","208,337","359,098","281,746","8,989",-16.61,"-1,607","4,814",0,-32.65,8.69,-2.24,-0.43,0.45,"1,561.9"
87,팬오션,"7,180",140,+1.99%,"1,000","5,908,027","7,250","7,270","6,940","7,170","7,180","42,108","4,529,437","138,996","506,635","534,570",12.55,"38,382","24,972","46,593","18,527","2,252",1.19,907,582,50,7.23,12.34,3.25,1.99,1.14,424.8
88,GS,"40,400",250,-0.62%,"5,000","277,678","40,600","40,750","40,150","40,400","40,450","11,208","223,253","49,358","23,847","92,915",19.22,"37,538","154,442","244,768","137,203","9,206",-13.17,"-1,878","11,022","1,900",-54.72,3.67,-2.82,-0.76,0.40,"2,326.4"
89,이마트,"134,000","3,000",+2.29%,"5,000","218,073","134,000","136,000","133,000","134,000","134,500","29,303","146,967","57,200","14,711","27,876",32.44,"37,354","220,330","223,404","118,438","2,372",15.58,"3,626","49,697","2,000",57.42,2.70,4.05,1.67,0.36,"5,243.3"
90,두산밥캣,"37,200",700,+1.92%,500,"197,041","37,500","37,550","36,800","37,150","37,200","7,336","193,012","23,359","29,468","100,249",25.28,"37,293","42,821","69,606","28,868","3,939",-5.05,"2,475","3,655",0,-17.43,10.18,6.15,3.62,0.89,"9,146.4"
91,삼성증권,"41,750",750,+1.83%,"5,000","350,845","41,900","42,000","41,300","41,700","41,750","14,604","184,106","13,229","54,885","89,300",30.03,"37,283","110,024","638,697","585,526","6,780",65.30,"5,078","10,623","2,200",30.99,3.93,9.89,0.94,0.63,"1,059.7"
92,삼성카드,"32,100",400,+1.26%,"5,000","65,971","32,200","32,200","31,800","32,050","32,100","2,112","44,124","7,602","17,622","115,859",7.29,"37,191","33,671","233,989","162,793","5,343",2.24,"3,988","4,054","1,800",18.81,7.92,5.69,1.76,0.46,"1,123.7"
93,한국항공우주,"37,300",650,+1.77%,"5,000","1,719,610","36,950","38,100","35,800","37,250","37,300","63,735","1,502,799","24,076","54,896","97,475",14.96,"36,358","28,251","51,591","39,248","1,395",-9.16,723,147,200,-49.37,253.74,6.39,1.52,2.91,149.6
94,한진칼,"52,600","2,400",+4.78%,"2,500","121,208","51,800","52,800","50,800","52,200","52,600","6,307","58,634","13,522","18,573","66,761",14.62,"35,116","4,088","34,886","18,243","-2,211",-66.03,"-3,415",-878,0,"-5,597.63",-59.91,-19.55,-11.05,2.52,466.6
95,한전기술,"89,500",500,+0.56%,200,"1,579,923","93,500","95,000","87,000","89,400","89,500","145,004","943,889","13,543","20,661","38,220",1.94,"34,207","4,317","7,003","2,012",296,N/A,202,266,282,N/A,336.47,N/A,N/A,6.90,"6,568.5"
96,오리온,"86,000",200,+0.23%,500,"181,056","87,200","87,300","85,100","85,800","86,000","15,526","216,616","10,503","15,376","39,536",37.06,"34,001","22,298","26,654","7,679","3,761",10.21,"2,746","6,014",750,14.82,14.30,15.50,10.73,1.60,"6,173.3"
97,NH투자증권,"11,400",150,+1.33%,"5,000","619,392","11,500","11,550","11,350","11,350","11,400","7,066","507,857","142,025","361,017","297,034",17.89,"33,862","127,678","627,384","569,356","7,873",10.99,"5,769","2,724",700,36.82,4.19,10.32,1.02,0.53,279.9
98,현대오토에버,"123,000","3,000",+2.50%,500,"141,927","122,500","125,500","119,000","123,000","123,500","17,484","185,443","14,550","21,009","27,424",1.96,"33,731","15,626","10,770","5,146",868,-0.59,608,"2,755",750,8.23,44.65,11.09,5.78,2.52,"5,251.8"
99,한미약품,"271,000","4,000",+1.50%,"2,500","27,999","270,500","271,000","267,500","270,000","271,000","7,556","46,564","2,683","5,499","12,318",13.54,"33,382","10,759","18,820","10,501",490,-3.39,173,"6,278",481,-52.85,43.17,1.65,0.91,4.21,"2,526.0"
100,현대미포조선,"81,900","2,100",+2.63%,"5,000","444,509","81,200","82,500","78,800","81,800","81,900","36,163","294,522","33,775","25,643","39,942",10.85,"32,713","27,920","35,990","12,315",367,-6.75,-123,"-3,849",N/A,-60.39,-21.28,-0.84,-0.35,1.45,943.8
101,호텔신라,"82,500","3,200",+4.04%,"5,000","894,819","80,700","84,000","80,100","82,400","82,500","73,804","329,622","38,193","24,142","39,248",14.15,"32,380","37,791","26,564","20,795","1,188",18.54,271,677,200,164.13,121.86,4.51,0.98,5.42,242.6
102,롯데지주,"30,850","2,100",+7.30%,200,"413,679","29,600","30,900","29,350","30,800","30,850","12,587","67,156","7,619","42,405","104,909",7.83,"32,364","90,866","166,800","88,489","1,562",2.60,"-2,389","1,919","1,000",-10.64,16.08,-3.03,-1.48,0.31,"42,551.9"
103,DB하이텍,"71,200","3,400",+5.01%,"5,000","1,347,537","70,300","72,300","69,700","71,200","71,300","96,119","1,199,227","84,527","80,119","44,399",23.53,"31,612","9,359","11,786","3,840","2,393",15.92,"1,660","4,787",350,32.02,14.87,23.07,14.64,3.16,293.6
104,TIGER 차이나전기차SOLACTIVE,"14,740",560,+3.95%,0,"5,349,965","14,500","14,925","14,335","14,735","14,740","78,399","7,517,393","19,563","45,421","213,440",0.15,"31,461",N/A,N/A,N/A,N/A,N/A,N/A,N/A,N/A,N/A,N/A,N/A,N/A,N/A,N/A
105,현대차2우B,"86,000",400,+0.47%,"5,000","56,178","86,100","86,700","85,600","86,000","86,100","4,828","50,509","12,334","2,797","36,485",62.43,"31,377",N/A,N/A,N/A,N/A,N/A,N/A,"19,734",N/A,N/A,4.36,N/A,N/A,0.30,N/A
106,CJ대한통운,"133,000","5,000",+3.91%,"5,000","69,844","130,000","134,000","129,500","132,500","133,000","9,250","58,777","7,614","18,696","22,812",20.47,"30,340","107,811","96,435","56,036","3,253",3.51,"1,426","1,291",0,5.91,103.02,3.89,1.52,0.76,"2,670.2"
107,한화시스템,"16,050",50,-0.31%,"5,000","1,128,861","16,350","16,400","15,450","16,000","16,050","17,918","996,674","75,404","89,581","188,919",2.50,"30,322","16,429","26,951","16,624",929,6.27,936,825,205,8.28,19.45,9.35,3.67,1.36,88.0
108,한미사이언스,"43,150",400,+0.94%,500,"85,098","43,700","43,700","43,100","43,150","43,250","3,686","114,041","11,760","4,522","68,624",2.39,"29,611","8,574","9,232","2,645",325,4.99,226,789,192,-14.44,54.69,3.47,2.46,4.21,"2,059.3"
109,BGF리테일,"169,500","1,000",-0.59%,"1,000","74,215","171,000","175,000","166,500","169,500","170,000","12,654","92,970","8,336","5,518","17,284",31.42,"29,296","61,813","23,712","16,743","1,622",3.96,"1,227","7,992","2,400",-17.51,21.21,18.60,5.40,3.82,"3,803.3"
110,대우건설,"7,000",260,+3.86%,"5,000","7,204,086","6,990","7,050","6,820","7,000","7,010","50,154","5,349,873","126,042","628,092","415,623",10.53,"29,094","81,367","93,059","66,289","5,583",-5.95,"2,826","1,177",N/A,53.34,5.95,11.06,2.97,0.92,50.9
111,GS리테일,"26,950",850,+3.26%,"1,000","395,223","26,500","27,100","26,500","26,900","26,950","10,629","366,606","31,358","54,703","104,718",7.56,"28,221","88,623","71,778","45,106","2,526",-1.61,"1,545","9,902",900,5.75,2.72,7.50,2.17,0.68,"2,908.2"
112,KCC,"314,000","10,000",+3.29%,"5,000","88,450","314,000","318,000","311,000","314,000","314,500","27,772","98,741","19,435","5,500","8,886",10.70,"27,904","50,836","123,476","71,016","1,338",86.93,"5,609","79,227","5,700",0.48,3.96,12.79,5.16,0.47,"12,809.9"
113,한화에어로스페이스,"53,900",600,+1.13%,"5,000","810,406","53,600","54,200","50,800","53,900","54,000","43,045","826,184","41,745","36,621","50,630",19.81,"27,290","53,214","94,648","64,751","2,439",1.09,"1,647","5,509",600,47.65,9.78,4.78,1.81,0.96,750.6
114,대우조선해양,"25,150",700,-2.71%,"5,000","1,012,035","25,650","25,650","24,250","25,100","25,150","25,262","978,567","64,742","42,886","107,291",4.68,"26,984","70,302","103,208","64,518","1,534",-15.89,866,"-13,792",0,-47.59,-1.82,2.27,0.80,1.05,128.0
115,씨에스윈드,"63,700","2,000",+3.24%,500,"582,244","62,300","64,200","59,500","63,500","63,700","36,435","712,983","22,382","26,375","42,171",11.08,"26,863","9,691","8,807","4,371",976,21.23,336,"1,102",473,62.26,57.80,8.19,4.16,2.76,"4,963.2"
116,신풍제약,"50,300","1,050",+2.13%,500,"13,940,832","50,800","54,000","44,800","50,200","50,300","695,697","18,800,015","79,542","48,191","52,985",5.47,"26,651","1,978","4,871","1,128",78,4.23,50,6,100,40.05,"8,383.33",1.72,1.16,7.05,"1,341.6"
117,포스코인터내셔널,"21,350",550,+2.64%,"5,000","1,518,501","20,650","21,500","20,450","21,300","21,350","31,971","2,698,804","99,593","102,228","123,375",6.51,"26,341","214,724","83,280","51,672","4,745",-12.08,"2,295","2,474",700,-21.62,8.63,7.69,2.66,0.78,416.0
118,동서,"26,300",100,+0.38%,500,"115,556","27,000","27,000","26,050","26,200","26,300","3,046","70,569","8,386","9,821","99,700",2.85,"26,221","5,353","15,826","1,340",384,8.58,"1,151","1,137",700,-14.94,23.13,8.05,7.41,1.81,"2,678.8"
119,두산퓨얼셀,"40,000",150,+0.38%,100,"513,177","40,800","40,800","39,200","39,950","40,000","20,455","772,235","6,071","17,607","65,494",14.53,"26,197","4,618","7,902","2,776",260,108.82,142,50,0,33.59,800.00,4.18,2.21,6.38,"6,157.1"
120,제일기획,"22,600",550,+2.49%,200,"255,533","22,500","22,700","22,350","22,550","22,600","5,749","180,936","23,427","44,809","115,041",31.40,"25,999","27,479","22,425","12,269","2,049",-19.69,"1,583","1,697",840,-0.44,13.32,16.11,7.04,2.09,"6,065.2"
121,키움증권,"99,000",600,-0.60%,"5,000","102,645","103,000","103,500","97,600","99,000","99,100","10,194","60,760","6,723","3,666","26,220",25.75,"25,957","45,197","375,909","347,060","9,690",66.57,"7,062","34,774","3,000",104.56,2.85,27.63,2.29,0.70,"2,191.2"
122,에스원,"67,900","2,200",-3.14%,500,"101,848","71,400","71,600","67,300","67,700","67,900","6,986","42,062","22,008","4,515","37,999",53.16,"25,801","22,233","19,067","5,225","2,045",3.34,"1,421","4,000","2,500",3.88,16.98,10.48,7.68,1.61,"7,984.1"
123,신세계,"262,000","9,500",+3.76%,"5,000","60,866","257,500","265,000","256,000","261,500","262,000","15,938","52,408","4,665","13,484","9,845",25.16,"25,794","47,693","127,691","77,119",885,-25.41,-691,"26,599","1,500",-81.09,9.85,-2.81,-0.54,0.69,"6,370.6"
124,DL이앤씨,"133,000","4,500",+3.50%,"5,000","397,362","134,000","135,500","130,500","132,500","133,000","52,721","195,465","42,952","67,343","19,359",22.33,"25,747",N/A,N/A,N/A,N/A,N/A,N/A,N/A,N/A,N/A,N/A,N/A,N/A,0.71,N/A
125,하이트진로,"36,650","1,950",+5.62%,"5,000","844,354","35,300","36,650","35,250","36,600","36,650","30,601","406,420","28,913","101,831","70,134",5.71,"25,704","22,563","32,978","22,235","1,985",10.87,866,734,750,124.91,49.93,8.23,2.64,2.35,214.3
126,현대해상,"28,600","1,550",+5.73%,500,"576,486","27,550","28,750","27,550","28,550","28,600","16,373","482,163","28,559","76,744","89,400",26.96,"25,568","177,102","491,941","443,894","2,868",5.13,"3,319","4,281","1,000",-27.47,6.68,7.13,0.69,0.45,"10,749.4"
127,OCI,"107,000","1,000",+0.94%,"5,000","493,994","106,500","108,000","101,000","106,500","107,000","51,999","441,835","24,213","58,606","23,849",14.88,"25,519","32,440","57,041","25,803","6,260",62.00,"6,521","27,156","2,000",826.66,3.94,23.93,12.86,0.83,"2,268.5"
128,한화생명,"2,845",65,+2.34%,"5,000","1,905,455","2,835","2,865","2,815","2,840","2,845","5,417","1,916,581","118,772","276,835","868,530",7.66,"24,710","262,231","1,487,748","1,348,307","3,767",4.98,"2,412",881,30,662.65,3.23,1.90,0.17,0.19,242.4
129,BNK금융지주,"7,490",160,+2.18%,"5,000","1,172,975","7,560","7,560","7,420","7,470","7,490","8,766","854,690","100,453","103,688","325,935",40.01,"24,413","52,124","1,141,569","1,045,306","7,482",-1.27,"5,626","2,501",320,-7.27,2.99,6.11,0.51,0.26,491.1
130,롯데쇼핑,"86,000","2,400",+2.87%,"5,000","100,722","85,200","87,200","84,500","86,000","86,100","8,669","65,138","9,554","4,838","28,289",11.11,"24,328","161,844","328,294","217,406","3,461",-8.16,"-6,866","-9,408","2,800",-19.12,-9.14,-7.70,-2.06,0.23,"9,014.8"
131,한솔케미칼,"209,000","10,000",+5.03%,"5,000","80,361","204,500","212,500","199,000","209,000","209,500","16,534","81,066","2,673","6,222","11,335",41.36,"23,691","6,193","9,992","3,769","1,519",13.77,"1,301","12,818","1,800",36.69,16.31,24.50,13.42,3.47,887.8
132,CJ,"80,200","1,700",+2.17%,"5,000","64,122","80,300","80,600","79,400","80,000","80,200","5,133","54,191","2,728","9,393","29,177",17.48,"23,400","319,991","400,250","246,287","13,903",-5.27,"2,040","1,154","2,000",-7.87,69.50,1.89,0.51,0.52,"2,567.7"
133,한화,"30,200",450,+1.51%,"5,000","203,964","30,400","30,700","29,950","30,200","30,250","6,179","177,820","24,446","16,928","74,959",15.94,"22,638","509,265","1,911,783","1,726,711","15,820",1.02,"7,405","5,912",700,40.54,5.11,4.79,0.40,0.58,873.4
134,효성첨단소재,"493,000","8,000",+1.65%,"5,000","34,904","500,000","505,000","490,500","492,500","493,000","17,304","41,957","1,941","1,589","4,480",7.80,"22,086","23,946","23,766","19,955",342,-21.58,68,"47,930",0,-78.39,10.29,0.03,0.28,4.05,"1,262.5"
135,녹십자,"188,000",500,+0.27%,"5,000","61,404","189,500","195,500","185,500","187,500","188,000","11,655","58,380","7,155","4,236","11,687",22.74,"21,971","15,041","21,514","8,821",503,10.83,893,"7,381","1,500",20.56,25.47,7.48,4.34,1.82,"1,872.7"
136,만도,"44,700",250,+0.56%,"1,000","251,598","45,350","45,450","44,350","44,600","44,700","11,258","182,361","24,128","13,637","46,957",19.65,"20,990","55,635","49,383","32,288",887,-6.99,139,"4,747",0,-59.42,9.42,0.37,0.29,1.09,"2,819.8"
137,SK케미칼,"119,000","3,000",+2.59%,"5,000","72,268","119,500","120,500","117,500","119,000","119,500","8,605","105,948","17,195","19,586","17,621",18.04,"20,969","12,147","21,200","11,610","1,063",9.15,"2,552","2,098","1,334",157.76,56.72,30.49,12.00,1.18,"1,375.2"
138,현대로템,"19,150",400,-2.05%,"5,000","1,064,721","19,500","19,750","18,800","19,100","19,150","20,420","457,211","181,307","42,164","109,142",3.85,"20,901","27,853","41,974","28,512",821,13.26,224,287,N/A,129.32,66.72,2.84,0.54,1.50,73.3
139,현대차우,"85,700",700,+0.82%,"5,000","48,123","85,400","86,200","85,000","85,600","85,700","4,113","25,983","4,503","3,622","24,357",58.03,"20,874",N/A,N/A,N/A,N/A,N/A,N/A,"19,734",N/A,N/A,4.34,N/A,N/A,0.30,N/A
140,휠라홀딩스,"34,350",850,+2.54%,"1,000","446,620","34,000","34,900","33,900","34,200","34,350","15,356","522,658","18,888","36,329","60,752",42.28,"20,868","31,288","37,584","19,011","3,411",-9.32,"1,977","3,871",185,-27.54,8.87,10.94,5.25,1.27,"2,090.3"
141,효성티앤씨,"481,500","5,000",+1.05%,"5,000","32,912","494,500","494,500","481,500","481,500","482,000","15,966","34,753","4,932","1,399","4,328",12.53,"20,838","51,616","28,241","21,088","2,666",-13.73,"1,683","163,234","5,000",-17.45,2.95,25.10,5.56,1.65,"2,919.9"
142,TIGER 200,"36,010",730,+2.07%,0,"880,709","35,950","36,190","35,925","36,010","36,030","31,768","2,123,044","38,136","12,155","57,600",4.80,"20,742",N/A,N/A,N/A,N/A,N/A,N/A,N/A,N/A,N/A,N/A,N/A,N/A,N/A,N/A
143,KODEX 200선물인버스2X,"2,580",115,-4.27%,0,"128,274,558","2,560","2,595","2,550","2,580","2,585","329,424","228,287,598","14,352,425","10,257,236","787,100",6.51,"20,307",N/A,N/A,N/A,N/A,N/A,N/A,N/A,N/A,N/A,N/A,N/A,N/A,N/A,N/A
144,한샘,"85,100","4,200",+5.19%,"1,000","311,939","82,100","86,400","82,100","85,100","85,200","26,592","186,953","3,695","8,039","23,534",15.92,"20,027","20,675","12,295","6,006",931,21.73,668,"3,399","1,300",66.94,25.04,10.83,5.50,2.27,"3,299.7"
145,KODEX 레버리지,"19,325",800,+4.32%,0,"17,140,122","19,280","19,485","19,230","19,320","19,325","331,843","20,678,392","111,465","61,650","103,600",3.20,"20,021",N/A,N/A,N/A,N/A,N/A,N/A,N/A,N/A,N/A,N/A,N/A,N/A,N/A,N/A
146,TIGER 미국나스닥100,"75,340","2,430",+3.33%,0,"190,612","75,565","75,990","75,290","75,335","75,340","14,397","317,762",776,"10,760","26,340",0.02,"19,845",N/A,N/A,N/A,N/A,N/A,N/A,N/A,N/A,N/A,N/A,N/A,N/A,N/A,N/A
147,LG화학우,"257,500","7,000",+2.79%,"5,000","22,630","250,500","258,000","248,500","257,500","258,000","5,726","12,458",513,687,"7,689",71.73,"19,799",N/A,N/A,N/A,N/A,N/A,N/A,"38,376",N/A,N/A,6.71,N/A,N/A,0.94,N/A
148,대웅제약,"168,500","4,000",+2.43%,"2,500","46,664","166,500","169,000","165,500","168,000","168,500","7,818","67,817","2,257","14,581","11,587",7.45,"19,523","10,554","13,669","6,717",170,-5.21,241,996,600,-62.00,169.18,2.38,1.85,3.42,"1,912.2"
149,롯데정밀화학,"75,200","1,900",+2.59%,"5,000","88,272","74,500","75,300","73,600","75,100","75,200","6,577","97,613","2,272","6,068","25,800",20.59,"19,402","12,636","18,746","2,249","1,392",-3.63,"1,988","16,517","1,500",-26.59,4.55,12.65,10.84,0.97,"1,201.7"
150,두산,"114,500",500,+0.44%,"5,000","203,052","122,500","124,000","112,500","114,000","114,500","23,682","246,117","11,388","19,014","16,524",9.90,"18,920","169,693","301,176","224,081","2,750",-5.94,"-9,639","-1,736","2,000",-77.62,-65.96,-34.34,-3.25,1.02,"1,818.4"
151,대웅,"31,750",350,+1.11%,500,"64,047","31,450","32,000","31,400","31,500","31,750","2,028","99,642","3,481","10,709","58,142",4.42,"18,460","13,553","18,375","7,206",981,-0.76,"1,184","1,816",100,-7.80,17.48,15.10,6.75,1.89,"2,502.5"
152,솔루스첨단소재,"60,100",300,+0.50%,100,"158,801","61,200","61,700","59,600","60,100","60,200","9,588","163,139","15,333","5,718","30,590",6.27,"18,384","2,902","8,412","3,513",304,314.55,-110,-254,10,198.50,-236.61,-5.10,-1.65,7.36,"7,285.6"
153,아이에스동서,"59,500","4,300",+7.79%,500,"332,606","56,800","59,700","56,200","59,400","59,500","19,414","110,292","8,141","37,110","30,893",4.00,"18,381","12,004","36,215","22,315","2,090",55.78,"1,416","1,746","1,000",192.50,34.08,10.92,4.35,1.53,"7,555.8"
154,현대백화점,"77,100","1,900",+2.53%,"5,000","122,075","76,000","78,300","75,800","77,100","77,200","9,437","99,266","12,172","9,693","23,402",18.07,"18,043","22,732","87,070","36,747","1,359",3.37,"1,051","6,611","1,000",-53.51,11.66,1.65,1.29,0.39,"3,680.7"
155,한전KPS,"39,650",450,+1.15%,200,"1,263,386","43,000","43,000","39,250","39,600","39,650","51,405","601,075","14,150","24,754","45,000",6.20,"17,842","13,032","13,499","2,982","1,354",4.51,871,"2,685","1,146",-30.18,14.77,8.23,6.43,1.60,"11,592.9"
156,효성,"84,400","1,300",+1.56%,"5,000","32,701","84,500","85,100","83,600","84,000","84,400","2,755","43,792","3,782","3,611","21,071",7.60,"17,784","27,826","44,297","19,154","1,388",-12.38,12,"18,374","5,000",-31.32,4.59,-2.26,0.02,0.66,"6,769.4"
157,후성,"19,100",600,+3.24%,500,"1,311,614","19,200","19,450","18,850","19,050","19,100","25,054","2,370,292","105,552","159,930","92,607",6.29,"17,688","2,616","5,361","2,949",28,5.08,-13,297,0,-79.11,64.31,2.79,-0.25,7.16,363.4
158,농심,"290,500","1,000",+0.35%,"5,000","36,746","296,000","297,500","287,500","290,500","291,000","10,734","52,093","2,760","1,292","6,083",12.79,"17,670","26,398","27,255","6,766","1,603",12.62,"1,490","17,548","4,000",103.38,16.55,7.50,5.54,0.78,"6,975.6"
159,영원무역,"39,300",0,0.00%,500,"165,751","40,500","40,500","39,000","39,250","39,300","6,529","103,577","11,542","9,600","44,311",28.27,"17,414","24,664","30,383","10,443","2,597",3.27,"1,824","5,202",500,9.27,7.55,8.03,5.94,0.79,"7,976.9"
160,KODEX MSCI Korea TR,"11,550",225,+1.99%,0,"203,692","11,530","11,595","11,485","11,550","11,555","2,356","4,105,354","27,607","34,420","149,500",6.21,"17,267",N/A,N/A,N/A,N/A,N/A,N/A,N/A,N/A,N/A,N/A,N/A,N/A,N/A,N/A
161,동원시스템즈,"58,700","3,100",+5.58%,"5,000","102,817","56,400","59,600","55,700","58,600","58,700","5,976","46,815","1,861","5,069","29,188",13.04,"17,134","10,785","12,558","6,394",977,3.47,616,"2,208",600,29.90,26.59,10.97,5.11,2.84,264.5
162,한미반도체,"33,100",950,+2.95%,200,"132,024","33,250","33,250","32,850","33,050","33,100","4,365","160,201","14,468","12,594","49,460",5.64,"16,371","2,574","3,270",699,666,113.82,501,"1,682",400,385.59,19.68,21.03,17.16,5.15,"2,069.2"
163,현대위아,"60,000",900,+1.52%,"5,000","133,669","60,100","60,700","59,500","59,900","60,000","8,024","208,261","25,221","11,129","27,195",7.02,"16,317","65,922","77,199","41,940",720,-9.88,537,"1,342",700,-29.41,44.71,1.96,0.74,0.49,"2,275.5"
164,LS,"50,600",300,+0.60%,"5,000","114,442","51,000","51,000","50,000","50,600","50,700","5,781","321,772","16,455","12,562","32,200",13.62,"16,293","104,443","116,605","72,120","4,192",2.88,"1,947","7,959","1,450",19.97,6.36,3.94,1.74,0.41,"1,989.5"
165,LIG넥스원,"72,900","1,200",+1.67%,"5,000","600,182","70,900","73,500","66,800","72,700","72,900","42,674","592,732","10,336","15,401","22,000",7.28,"16,038","16,003","25,956","19,231",637,10.17,579,"4,290",900,252.03,16.99,8.86,2.36,2.15,453.4
166,JB금융지주,"8,080",130,+1.64%,"5,000","316,965","8,080","8,090","7,980","8,040","8,080","2,549","293,506","14,051","34,733","196,983",41.92,"15,916","24,156","533,755","493,466","4,695",0.32,"3,908","2,425",374,-3.18,3.33,10.06,0.78,0.39,310.6
167,오뚜기,"433,000","8,500",+2.00%,"5,000","4,382","434,500","434,500","424,000","429,500","433,500","1,876","3,765",466,311,"3,672",11.53,"15,900","25,959","23,393","8,974","1,984",10.01,"1,104","30,123","8,000",33.83,14.37,7.93,4.92,1.00,"8,657.4"
168,코오롱인더,"57,200",800,+1.42%,"5,000","121,008","57,500","58,400","56,400","57,000","57,200","6,903","217,165","14,709","14,522","27,519",19.90,"15,741","40,361","50,437","27,516","1,524",-8.42,"2,055","6,443","1,000",-11.86,8.88,9.70,3.98,0.70,"1,459.8"
169,동국제강,"16,450",250,+1.54%,"5,000","568,695","16,700","16,850","16,200","16,400","16,450","9,331","1,042,144","53,161","45,076","95,433",22.63,"15,699","52,062","54,185","32,823","2,947",-7.99,695,"4,734",200,79.09,3.47,3.35,1.28,0.62,176.0
170,KODEX 단기채권,"103,305",5,0.00%,0,"29,976","103,295","103,305","103,295","103,300","103,305","3,096","2,909","42,285","21,562","15,182",0.00,"15,684",N/A,N/A,N/A,N/A,N/A,N/A,N/A,N/A,N/A,N/A,N/A,N/A,N/A,N/A
171,DGB금융지주,"9,000",180,+2.04%,"5,000","484,337","9,000","9,090","8,960","9,000","9,010","4,374","335,542","47,591","46,264","169,146",49.85,"15,223","58,760","799,718","741,678","4,900",18.59,"3,768","2,799",390,20.79,3.22,6.93,0.49,0.28,586.3
172,KODEX 삼성그룹,"8,805",175,+2.03%,0,"368,479","8,805","8,805","8,725","8,805","8,810","3,226","840,902","41,672","40,348","170,800",0.12,"15,039",N/A,N/A,N/A,N/A,N/A,N/A,N/A,N/A,N/A,N/A,N/A,N/A,N/A,N/A
173,현대엘리베이,"36,650",850,-2.27%,"5,000","296,990","37,500","37,650","36,100","36,600","36,650","10,903","85,629","44,397","17,441","40,815",30.13,"14,959","18,212","26,262","16,008","1,500",-2.74,979,"1,552",800,10.14,23.61,9.78,3.79,1.47,376.4
174,롯데칠성,"157,000","8,000",+5.37%,500,"67,800","152,000","162,500","149,500","157,000","157,500","10,670","53,029","2,296","4,996","9,279",10.14,"14,568","22,580","34,661","21,612",972,-7.06,-168,"8,461","2,700",-9.69,18.56,-1.00,-0.50,1.08,"39,511.9"
175,롯데렌탈,"39,350",700,+1.81%,"5,000","150,153","39,100","39,400","38,650","39,350","39,400","5,872","276,021","2,994","25,711","36,634",1.73,"14,416","22,521","53,494","46,430","1,599",9.83,415,"2,884",120,27.03,13.64,6.73,0.78,1.19,"1,103.2"
176,ESR켄달스퀘어리츠,"6,670",70,+1.06%,"1,000","760,357","6,600","6,670","6,550","6,660","6,670","5,041","782,971","7,112","89,780","213,089",53.08,"14,213",301,"14,431","7,388",147,26.79,95,129,131,81.78,51.71,1.34,0.72,0.70,389.2
177,티와이홀딩스,"27,800",200,+0.72%,500,"45,422","27,950","28,150","27,600","27,750","27,800","1,263","61,524","3,099","28,018","50,929",5.52,"14,158",929,"20,036","7,108",16,N/A,"3,540","11,621",0,N/A,2.39,N/A,N/A,0.79,"5,571.8"
178,KODEX 종합채권(AA-이상)액티브,"106,265",25,+0.02%,0,"2,833","106,375","106,375","106,110","106,190","106,265",300,"30,157","41,468","22,988","13,164",0.00,"13,989",N/A,N/A,N/A,N/A,N/A,N/A,N/A,N/A,N/A,N/A,N/A,N/A,N/A,N/A
179,TIGER 미국S&P500,"13,210",250,+1.93%,0,"1,162,203","13,220","13,255","13,180","13,205","13,210","15,361","2,147,161","59,200","51,272","105,200",0.11,"13,897",N/A,N/A,N/A,N/A,N/A,N/A,N/A,N/A,N/A,N/A,N/A,N/A,N/A,N/A
180,TIGER 단기통안채,"100,685",5,0.00%,0,"301,454","100,680","100,695","100,680","100,685","100,695","30,353","1,446,964","16,017","16,348","13,679",0.86,"13,773",N/A,N/A,N/A,N/A,N/A,N/A,N/A,N/A,N/A,N/A,N/A,N/A,N/A,N/A
181,롯데리츠,"5,650",40,+0.71%,500,"238,737","5,640","5,660","5,600","5,630","5,650","1,347","266,058","37,288","85,065","242,969",9.53,"13,728",486,"23,912","12,226",290,26.91,170,160,139,20.21,35.31,1.68,0.86,1.20,862.0
182,NHN,"36,400","1,600",+4.60%,500,"145,683","35,350","37,000","35,350","36,400","36,550","5,309","94,074","7,992","5,630","37,518",19.14,"13,657","16,752","25,509","7,068","1,022",12.53,280,866,0,17.90,42.03,1.35,1.11,0.73,"17,088.8"
183,케이카,"28,250","2,050",-6.77%,500,"313,473","30,950","30,950","28,250","28,250","28,400","9,125","341,829","12,846","4,644","48,087",17.64,"13,584","13,231","3,423","1,713",377,11.62,241,602,867,29.08,46.93,15.11,7.29,5.59,"2,461.1"
184,현대두산인프라코어,"6,870",70,+1.03%,"1,000","1,140,824","6,930","6,990","6,790","6,860","6,870","7,827","1,088,946","102,773","131,942","197,436",9.98,"13,564","79,341","120,269","75,379","6,586",-3.08,"2,851","1,169",0,-21.63,5.88,6.47,2.44,0.85,145.8
185,일진하이솔루스,"37,350",450,+1.22%,500,"208,143","37,900","38,500","37,300","37,350","37,450","7,840","254,148","18,166","2,385","36,313",1.07,"13,563","1,135",813,281,151,23.53,156,536,0,19.45,69.68,34.27,19.58,4.46,266.4
186,LS ELECTRIC,"45,150","1,250",+2.85%,"5,000","135,559","44,750","45,400","44,400","45,000","45,150","6,118","151,826","4,968","17,007","30,000",16.95,"13,545","24,027","25,404","11,269","1,337",2.38,855,"2,701","1,100",-20.67,16.72,6.15,3.37,0.91,866.0
187,아시아나항공,"18,100",800,+4.62%,"5,000","558,060","18,200","18,200","17,750","18,050","18,100","10,050","489,652","67,458","118,320","74,412",7.09,"13,469","38,953","138,515","127,621","-2,764",-43.44,"-5,030","-5,816",0,36.57,-3.11,-43.83,-3.68,4.83,184.0
188,PI첨단소재,"45,500","1,400",+3.17%,500,"117,949","44,850","45,800","44,550","45,300","45,500","5,331","132,924","1,484","9,977","29,366",11.65,"13,362","2,618","4,040","1,211",600,17.04,417,"1,992",711,78.59,22.84,15.62,10.47,4.31,"2,358.5"
189,한일시멘트,"18,900",800,+4.42%,500,"251,910","18,850","19,300","18,550","18,850","18,900","4,775","180,653","16,802","21,788","69,262",2.59,"13,090","9,743","23,997","10,414","1,328",N/A,"1,000","1,518",510,N/A,12.45,N/A,N/A,0.92,"3,676.1"
190,TIGER MSCI Korea TR,"14,540",315,+2.21%,0,"9,257","14,530","14,550","14,435","14,540","14,555",134,"1,602,531","19,071","19,570","89,200",1.79,"12,970",N/A,N/A,N/A,N/A,N/A,N/A,N/A,N/A,N/A,N/A,N/A,N/A,N/A,N/A
191,더존비즈온,"42,500","1,150",-2.63%,500,"796,394","44,650","45,500","41,700","42,500","42,550","34,085","234,439","61,846","13,631","30,383",35.62,"12,913","3,065","7,990","4,010",767,16.67,579,"2,043",450,14.87,20.80,15.09,7.59,2.79,"2,608.2"
192,TIGER 미국테크TOP10 INDXX,"11,330",465,+4.28%,0,"812,183","11,335","11,375","11,250","11,325","11,330","9,213","1,214,818","59,906","130,506","112,400",0.00,"12,735",N/A,N/A,N/A,N/A,N/A,N/A,N/A,N/A,N/A,N/A,N/A,N/A,N/A,N/A
193,한국앤컴퍼니,"13,350",400,+3.09%,500,"71,871","13,150","13,350","13,100","13,250","13,350",954,"68,665","9,195","15,714","94,935",9.67,"12,674","8,209","37,925","2,920","1,565",-3.15,"1,796","2,605",500,-8.40,5.12,5.08,4.86,0.34,"7,397.5"
194,DL,"59,000","1,900",+3.33%,"5,000","57,845","58,000","59,600","58,000","58,700","59,000","3,395","56,637","2,356","7,559","20,956",12.34,"12,364","15,661","139,019","106,905","1,190",-5.68,"5,727","31,469","1,300",-12.45,1.87,11.84,4.19,0.33,"2,917.8"
195,명신산업,"23,550",750,+3.29%,500,"184,656","23,350","23,600","23,050","23,500","23,550","4,308","280,623","20,735","25,435","52,470",3.19,"12,357","8,090","4,769","2,929",662,4.29,-888,"-2,306",0,11.09,-10.21,-67.39,-21.07,4.40,982.6
196,영풍,"664,000","21,000",+3.27%,"5,000",914,"652,000","664,000","647,000","664,000","665,000",603,903,200,203,"1,842",4.07,"12,231","31,834","50,009","12,887",467,3.22,853,"64,370","10,000",-44.69,10.32,4.03,1.74,0.33,"36,410.8"
197,롯데관광개발,"17,600","1,000",+6.02%,500,"464,696","17,200","17,800","17,000","17,550","17,600","8,126","639,808","36,120","80,278","69,308",5.34,"12,198",168,"11,985","9,723",-714,-81.04,-821,"-2,856",0,-341.87,-6.16,-30.43,-9.26,13.01,522.2
198,HDC현대산업개발,"18,350","1,400",+8.26%,"5,000","1,754,702","17,450","18,350","17,400","18,350","18,400","31,736","883,829","145,557","154,787","65,907",11.76,"12,094","36,702","61,161","33,731","5,857",-12.96,"2,202","4,602",600,6.21,3.99,8.85,4.18,0.42,733.1
199,진원생명과학,"15,550",100,+0.65%,"1,000","612,465","15,800","15,850","15,350","15,500","15,550","9,547","1,325,623","83,879","56,087","77,614",12.59,"12,069",415,"1,366",381,-185,0.63,-186,-331,0,-124.86,-46.98,-30.43,-19.87,11.95,79.9
200,대한전선,"1,405",10,+0.72%,100,"7,050,543","1,420","1,430","1,395","1,405","1,410","9,935","9,087,134","929,166","892,837","856,473",1.35,"12,033","15,968","11,995","8,398",566,2.71,27,36,0,70.50,39.03,0.92,0.22,3.74,47.1
201,지누스,"76,000",0,0.00%,500,"61,841","77,100","77,700","75,000","75,900","76,000","4,702","156,953","4,608","2,292","15,800",21.40,"12,008","9,895","8,968","4,824",867,21.10,458,"2,270",729,-16.51,33.48,11.61,5.54,2.47,"5,885.5"
202,삼성 레버리지 WTI원유 선물 ETN,"2,360",715,-23.25%,0,"8,155,188","2,415","2,445","2,255","2,360","2,365","19,337","5,330,388","5,030,201","5,067,285","504,000",0.00,"11,894",N/A,N/A,N/A,N/A,N/A,N/A,N/A,N/A,N/A,N/A,N/A,N/A,N/A,N/A
203,종근당,"98,600","2,000",+2.07%,"2,500","70,948","97,400","104,000","97,000","98,600","98,700","7,034","19,922","1,376","1,306","11,988",7.90,"11,820","13,030","9,463","3,947","1,239",20.72,904,"4,364",908,66.19,22.59,17.88,10.35,2.05,"1,984.1"
204,LX인터내셔널,"30,300",950,-3.04%,"5,000","977,475","30,200","30,750","29,200","30,300","30,350","29,419","1,515,159","20,042","35,158","38,760",24.06,"11,744","112,826","53,959","36,376","1,598",7.14,"3,616","6,935",400,18.59,4.37,23.72,7.04,0.65,664.7
205,일동제약,"47,250",600,+1.29%,"1,000","2,371,950","48,500","49,500","44,100","47,200","47,250","111,980","10,683,258","6,886","18,059","24,803",2.73,"11,720","5,618","6,053","3,507",66,8.58,-130,"-1,046",0,583.26,-45.17,-5.13,-2.14,4.63,943.0
206,대덕전자,"23,400",250,+1.08%,500,"671,003","23,950","24,000","23,300","23,350","23,400","15,883","1,021,612","74,110","45,708","49,417",12.21,"11,564","6,206","8,092","1,714",27,N/A,-87,627,300,N/A,37.32,N/A,N/A,1.81,"2,388.5"
207,KODEX 2차전지산업,"17,835",115,+0.65%,0,"1,352,840","18,110","18,170","17,835","17,835","17,840","24,339","2,422,007","34,381","6,789","64,700",1.51,"11,539",N/A,N/A,N/A,N/A,N/A,N/A,N/A,N/A,N/A,N/A,N/A,N/A,N/A,N/A
208,TIGER 미국필라델피아반도체나스닥,"10,750",490,+4.78%,0,"1,254,865","10,720","10,810","10,720","10,745","10,750","13,526","1,721,364","238,489","66,625","106,300",0.00,"11,427",N/A,N/A,N/A,N/A,N/A,N/A,N/A,N/A,N/A,N/A,N/A,N/A,N/A,N/A
209,솔루엠,"22,850",400,+1.78%,500,"110,209","22,850","23,050","22,750","22,850","22,900","2,523","170,710","33,281","35,684","50,006",8.14,"11,426","10,765","4,544","3,377",564,17.83,389,537,0,9.97,42.55,43.26,9.78,4.19,518.4
210,금호타이어,"3,970",55,+1.40%,"5,000","356,288","4,000","4,030","3,930","3,970","3,980","1,420","270,615","22,319","57,285","287,260",3.81,"11,404","21,707","38,462","26,786",-45,-8.38,-829,-250,N/A,-107.79,-15.88,-6.74,-2.13,1.00,-17.9
211,코리안리,"9,450",130,+1.39%,500,"131,594","9,470","9,520","9,400","9,440","9,450","1,243","232,189","9,018","24,372","120,369",31.48,"11,375","113,010","125,199","100,640","1,923",5.91,"1,421","1,305",450,-23.05,7.24,5.78,1.17,0.38,"4,203.4"
212,하나투어,"81,300","5,300",+6.97%,500,"254,793","77,700","81,300","77,000","81,200","81,300","20,434","278,161","3,999","23,720","13,939",6.01,"11,333","1,096","7,033","5,779","-1,149",-82.17,"-2,186","-6,718",N/A,"-1,639.76",-12.10,-108.93,-25.55,10.14,"2,289.3"
213,에스엘,"23,400",550,+2.41%,500,"76,339","23,550","23,800","23,100","23,250","23,400","1,788","137,332","5,340","8,626","48,203",14.83,"11,280","25,050","23,390","9,138",932,10.73,642,"3,016",500,113.67,7.76,4.74,2.78,0.70,"5,940.9"
214,태광산업,"1,010,000","24,000",+2.43%,"5,000",640,"996,000","1,010,000","996,000","1,009,000","1,010,000",643,470,569,29,"1,113",5.94,"11,245","17,406","40,602","7,251",535,-23.01,"1,083","227,848","1,550",-72.12,4.43,3.26,2.57,0.22,"60,940.4"
215,SK네트웍스,"4,505",85,+1.92%,"2,500","492,266","4,515","4,520","4,455","4,490","4,505","2,213","417,045","24,471","35,968","248,188",11.03,"11,181","106,259","87,735","65,282","1,239",-18.60,421,189,120,13.33,23.84,1.63,0.45,0.45,241.7
216,TIGER 2차전지테마,"18,260",235,+1.30%,0,"652,867","18,425","18,550","18,225","18,260","18,265","12,006","1,458,847","19,197","3,236","61,000",1.02,"11,139",N/A,N/A,N/A,N/A,N/A,N/A,N/A,N/A,N/A,N/A,N/A,N/A,N/A,N/A
217,코스모신소재,"36,250",250,+0.69%,"1,000","155,392","36,800","37,050","36,150","36,250","36,300","5,683","257,885","14,211","8,182","30,087",6.04,"10,906","2,043","3,623","1,855",124,-16.26,117,780,0,443.51,46.47,7.16,3.74,5.32,413.5
218,제이콘텐트리,"59,300",200,-0.34%,"5,000","231,739","59,700","61,300","59,300","59,300","59,400","13,927","256,509","9,107","11,893","18,349",1.86,"10,881","3,639","14,755","12,116",-568,-31.37,"-1,540","-9,027",0,-267.90,-6.57,-52.61,-11.68,6.63,125.1
219,KG동부제철,"10,750",500,+4.88%,"5,000","222,977","10,450","10,800","10,400","10,700","10,750","2,367","302,992","32,927","57,934","100,009",1.28,"10,751","23,424","22,577","12,850","1,108",-3.53,669,"1,720",100,219.80,6.25,7.18,2.90,0.96,74.8
220,LG생활건강우,"510,000","2,000",+0.39%,"5,000","7,476","515,000","525,000","501,000","510,000","511,000","3,823","8,194",852,253,"2,100",83.73,"10,708",N/A,N/A,N/A,N/A,N/A,N/A,"47,665",N/A,N/A,10.70,N/A,N/A,1.59,N/A
221,녹십자홀딩스,"22,750",500,+2.25%,500,"75,863","22,650","23,000","22,350","22,450","22,750","1,720","88,973","5,728","10,673","47,028",5.59,"10,699","17,193","32,412","15,677",707,15.11,"1,800","3,176",500,5.97,7.16,19.74,5.99,1.08,"3,444.8"
222,신한 레버리지 WTI원유 선물 ETN(H),"1,835",530,-22.41%,0,"4,213,655","1,885","1,900","1,755","1,835","1,840","7,773","4,145,762","5,003,108","4,941,058","580,000",0.00,"10,643",N/A,N/A,N/A,N/A,N/A,N/A,N/A,N/A,N/A,N/A,N/A,N/A,N/A,N/A
223,신세계인터내셔날,"149,000","6,500",+4.56%,"5,000","32,198","145,500","151,500","145,500","148,500","149,000","4,784","35,196","4,525","8,462","7,140",5.22,"10,639","13,255","11,475","5,062",338,-6.98,510,"10,793","1,100",-60.04,13.81,8.24,4.48,1.55,"1,693.3"
224,TIGER TOP10,"11,930",330,+2.84%,0,"294,351","11,835","11,955","11,830","11,905","11,930","3,499","332,299","2,012","21,211","88,300",0.25,"10,534",N/A,N/A,N/A,N/A,N/A,N/A,N/A,N/A,N/A,N/A,N/A,N/A,N/A,N/A
225,SK가스,"114,000","2,000",+1.79%,"5,000","20,514","111,500","115,000","110,000","113,500","114,000","2,309","44,136","7,169","5,269","9,230",5.40,"10,522","44,123","44,989","26,002","1,902",-10.52,"2,654","26,876","4,000",0.32,4.24,14.91,6.18,0.49,"4,087.4"
226,F&F홀딩스,"26,850",100,+0.37%,500,"14,802","27,850","27,850","26,850","26,850","26,900",400,"16,987","2,426","1,573","39,114",0.77,"10,502","8,376","8,178","2,661","1,226",-7.99,854,"121,227","1,000",-18.68,0.22,16.59,11.36,0.55,"7,178.2"
227,CJ CGV,"25,600","1,200",+4.92%,500,"254,919","24,950","25,650","24,850","25,550","25,600","6,456","343,099","14,739","19,489","40,809",3.62,"10,447","5,834","43,549","40,670","-3,887",-69.96,"-7,516","-16,232",0,-418.64,-1.58,-314.44,-16.93,8.02,"-1,857.5"
228,한화투자증권,"4,830",95,+2.01%,"5,000","743,413","4,875","4,925","4,795","4,830","4,835","3,622","576,860","24,154","33,567","214,548",6.20,"10,363","27,526","118,590","106,068","1,000",75.19,671,595,0,-10.64,8.12,5.58,0.62,0.66,15.0
229,KODEX 단기채권PLUS,"103,715",20,+0.02%,0,"12,005","103,710","103,720","103,710","103,715","103,720","1,245","8,295","29,308","29,079","9,987",0.00,"10,358",N/A,N/A,N/A,N/A,N/A,N/A,N/A,N/A,N/A,N/A,N/A,N/A,N/A,N/A
230,LG전자우,"58,800",500,+0.86%,"5,000","17,907","59,000","59,300","58,500","58,800","58,900","1,054","29,393","6,010","5,140","17,186",40.71,"10,105",N/A,N/A,N/A,N/A,N/A,N/A,"6,931",N/A,N/A,8.48,N/A,N/A,0.61,N/A
231,대한유화,"154,500","5,500",+3.69%,"5,000","39,856","154,500","156,000","152,000","154,000","154,500","6,134","42,590","5,418","7,348","6,500",11.83,"10,042","25,149","24,789","4,497","1,794",33.57,"1,499","23,067","3,500",5.44,6.70,7.64,6.51,0.47,"4,859.3"
232,한국콜마,"43,850","2,200",+5.28%,500,"190,145","42,650","44,850","42,150","43,800","43,850","8,336","126,305","6,828","5,536","22,881",26.25,"10,033","13,221","24,896","14,904","1,217",-4.12,"1,606","6,927",345,21.88,6.33,29.27,6.57,1.47,"5,337.6"
233,SK리츠,"6,450",40,+0.62%,500,"250,581","6,420","6,450","6,400","6,440","6,450","1,612","289,894","23,637","131,749","155,021",0.15,"9,999",171,"18,827","11,065",135,N/A,63,52,53,N/A,124.04,N/A,N/A,1.29,901.4
234,동양생명,"6,170",70,+1.15%,"5,000","89,060","6,140","6,290","6,130","6,170","6,190",552,"88,545","8,476","12,540","161,359",82.41,"9,956","69,490","362,530","331,605","1,776",11.11,"1,286","1,676",220,61.05,3.68,4.52,0.37,0.32,290.8
235,미원에스씨,"193,500",500,-0.26%,500,771,"192,500","195,000","192,500","193,500","194,500",149,901,606,581,"5,100",0.62,"9,868","3,720","3,271",660,492,-1.55,347,"13,396","1,700",5.62,14.44,13.58,10.85,3.12,"10,034.1"
236,제주항공,"19,650","1,400",+7.67%,"1,000","562,801","19,300","20,450","19,000","19,650","19,700","11,110","805,828","33,330","15,473","49,760",0.97,"9,778","3,770","11,686","9,518","-3,358",-72.76,"-3,065","-6,357",0,-921.04,-3.09,-113.11,-23.25,-322.45,-9.8
237,한올바이오파마,"18,700",300,+1.63%,500,"113,276","18,850","18,850","18,500","18,650","18,700","2,115","94,699","14,491","30,638","52,241",5.86,"9,769","1,016","1,985",350,101,14.66,89,170,N/A,70.16,110.00,5.16,4.25,5.86,532.8
238,KBSTAR 200,"36,255",780,+2.20%,0,"269,232","36,020","36,535","36,020","36,255","36,265","9,767","55,530","27,288","29,021","26,700",0.04,"9,680",N/A,N/A,N/A,N/A,N/A,N/A,N/A,N/A,N/A,N/A,N/A,N/A,N/A,N/A
239,이노션,"48,250",250,-0.52%,500,"32,686","49,100","49,400","48,150","48,250","48,300","1,582","24,788","6,267","1,659","20,000",31.81,"9,650","12,211","20,440","12,600","1,115",-4.18,843,"3,720","1,800",-8.49,12.97,8.28,4.09,1.19,"8,208.8"
240,다우기술,"21,450",150,+0.70%,500,"31,693","21,600","22,000","21,450","21,450","21,650",685,"53,032","9,319","8,614","44,867",22.00,"9,624","47,329","386,222","353,771","10,154",63.10,"6,794","7,798",500,100.06,2.75,18.85,2.14,0.49,"7,109.1"
241,대한해운,"3,010",55,+1.86%,500,"3,107,084","3,000","3,030","2,915","3,010","3,015","9,279","4,881,868","180,581","297,707","319,177",5.70,"9,607","8,841","33,456","24,923","1,459",-12.09,275,733,0,13.32,4.11,1.10,0.82,0.76,365.1
242,서울가스,"191,000","1,500",+0.79%,"5,000","5,547","189,500","192,500","188,500","190,500","191,000","1,055","9,104","7,646","1,523","5,000",7.13,"9,550","12,807","16,897","6,552",80,-5.90,"1,312",249,"16,750",-23.60,767.07,13.14,8.02,0.72,"2,989.7"
243,코스맥스,"83,900","3,900",+4.87%,500,"103,896","81,100","85,300","81,100","83,800","83,900","8,693","210,635","2,711","4,608","11,350",24.52,"9,522","13,829","11,890","9,171",666,3.93,-291,"4,713",0,23.42,17.80,6.23,-2.43,1.75,"7,082.3"
244,KODEX 코스닥150 레버리지,"11,410",740,+6.94%,0,"10,096,184","11,210","11,420","11,205","11,410","11,415","114,371","11,438,188","199,817","99,819","83,000",2.33,"9,470",N/A,N/A,N/A,N/A,N/A,N/A,N/A,N/A,N/A,N/A,N/A,N/A,N/A,N/A
245,영진약품,"5,160",60,+1.18%,500,"944,436","5,190","5,220","5,070","5,150","5,160","4,862","896,210","54,153","186,846","182,893",3.94,"9,437","2,085","1,881",737,4,-5.47,-1,-67,0,-96.18,-77.01,-0.12,-0.07,9.03,25.1
246,KODEX 인버스,"4,390",100,-2.23%,0,"23,512,656","4,390","4,410","4,370","4,385","4,390","103,117","31,834,217","4,213,246","2,215,473","212,700",1.86,"9,338",N/A,N/A,N/A,N/A,N/A,N/A,N/A,N/A,N/A,N/A,N/A,N/A,N/A,N/A
247,더블유게임즈,"50,600",800,+1.61%,500,"66,218","50,700","51,400","50,300","50,600","50,700","3,367","71,203","10,362","6,305","18,375",10.39,"9,297","6,582","10,232",953,"1,942",28.09,"1,248","6,921",350,25.60,7.31,16.94,11.90,1.05,"7,861.0"
248,KCC글라스,"58,000","1,300",+2.29%,"1,000","28,102","58,100","58,600","57,800","58,000","58,500","1,637","25,327","2,636","5,603","15,971",10.03,"9,263","7,087","17,178","3,980",358,N/A,"1,323","13,247","2,100",N/A,4.38,N/A,N/A,0.68,"8,171.2"
249,풍산,"32,650",550,-1.66%,"5,000","373,330","32,600","32,800","31,600","32,550","32,650","12,058","525,658","23,082","20,709","28,024",11.96,"9,150","25,936","25,520","11,056","1,212",5.81,719,"7,895",600,194.61,4.14,5.09,2.81,0.56,931.3
250,대신증권,"17,900",200,+1.13%,"5,000","75,278","17,800","18,000","17,800","17,900","17,950","1,350","164,794","58,391","33,198","50,773",14.75,"9,088","28,680","215,038","194,265","2,392",6.35,"1,470","7,336","1,200",140.01,2.44,7.35,0.72,0.46,434.2
